id	Название	Категория	VPN-политика	Гео	Способы оплаты	Комиссия	Сбор за подключение	Резерв/холд	Выплаты	Требования к подключающему	Рекуррент	Интеграция	Риски	Источники	Уверенность
paddle	Paddle	MoR (merchant of record)	Серая зона: VPN and Proxies — Restricted Category, нужен enhanced due diligence	Мир, кроме РФ и Беларуси	Карты, PayPal, локальные методы — через MoR	5% + $0.50 за транзакцию; резерв и chargeback fee не раскрыты	Нет setup fee и ежемесячной платы	Не раскрыт	Net-30/ежемесячно на банковский счёт, USD/EUR/GBP; минимум не раскрыт	Юрлицо в поддерживаемой юрисдикции; РФ в unsupported countries -> нет; VAT-номер не нужен	Да	Hosted checkout, REST API, вебхуки; сложность 2/5	РФ-резиденту недоступно; по VPN — доп. проверка и право отказать	https://www.paddle.com/help/start/intro-to-paddle/what-am-i-not-allowed-to-sell-on-paddle, https://www.paddle.com/pricing, https://www.paddle.com/help/start/intro-to-paddle/which-countries-are-supported-by-paddle	высокая
lemon-squeezy	Lemon Squeezy	MoR (merchant of record)	Не подтверждено: прямой формулировки про VPN нет, но запрещены Services of any kind	РФ нет ни как продавцу, ни как покупателю	Карты, PayPal — через MoR	5% + $0.50; +1,5% за международные; +1,5% PayPal; +0,5% за подписки	Нет setup fee	Не раскрыт	Stripe-выплата бесплатна в США, +1% вне США; PayPal $0.50 в США / 3% вне (макс $30); Армения и Казахстан в списке, Грузии и Кыргызстана нет	Юрлицо; РФ в unsupported countries; выплаты только в поддерживаемые страны	Да	Hosted checkout, Lemon.js, REST API, вебхуки; сложность 1/5	Формулировка Services of any kind даёт право отказать; РФ-аудитория не обслуживается как покупатель	https://docs.lemonsqueezy.com/help/getting-started/prohibited-products, https://docs.lemonsqueezy.com/help/getting-started/fees, https://docs.lemonsqueezy.com/help/getting-started/supported-countries	высокая
fastspring	FastSpring	MoR (merchant of record)	Не подтверждено: публичного списка с VPN нет	РФ не подтверждено	Карты, PayPal, локальные методы — через MoR	По запросу (revenue-sharing, ставка на встрече с менеджером)	Не публикуется	Не раскрыт	На счёт продавца; график, минимум и валюты не раскрыты	Юрлицо (Bright Market LLC US, FastSpring Limited UK, FastSpring B.V. NL)	Да	Hosted checkout, Store Builder Library, API, вебхуки; сложность 2/5	Ставка обсуждается индивидуально; политика по VPN не опубликована -> риск отказа	https://fastspring.com/pricing, https://fastspring.com/legal/, https://developer.fastspring.com/	средняя
paypro-global	PayPro Global	MoR (merchant of record)	НЕТ: прямой запрет — circumvent locks or geographic or IP-based restrictions, including through usage of VPN, proxy or anonymous user facilities	РФ не подтверждено	Карты, PayPal, WebMoney, Wire — через MoR	По запросу; публично раскрыты только payout-комиссии: Payoneer $2, WebMoney 3,5% + $5, Wire $21, ACH $3, PayPal 2% (макс $20)	Не публикуется	Не раскрыт	15-го числа каждого месяца, остаток прошлого месяца минус payout-комиссии	Зарегистрированная компания; VAT/GST берёт на себя	Да	Checkout pages, API, вебхуки, подписки и лицензии; сложность 2/5	VPN прямо в списке запрещённых продуктов — не подключаться	https://docs.payproglobal.com/documents/legal/prohibitedProducts.pdf, https://payproglobal.com/faq/	высокая
cleverbridge	Cleverbridge	MoR (merchant of record)	Не подтверждено: в публичных политиках VPN, proxy и circumvent не упоминаются	США и Германия (юрконтур); РФ не подтверждено	Карты и локальные методы — через MoR	По запросу	Не публикуется	Не раскрыт	Публично не раскрыты	Ориентирован на крупных software/SaaS-вендоров; юрлицо	Да	Enterpise-онбординг: менеджер, согласование договора; сложность 4/5	Долгое подключение; тематика VPN не подтверждена; не для микробизнеса	https://grow.cleverbridge.com/hubfs/Acceptable%20Conduct%20Policy%20as%20of%20Sept%202022.pdf, https://grow.cleverbridge.com/hubfs/Cleverbridge%20Master%20Subscription%20Agreement.pdf, https://www.cleverbridge.com/corporate/pricing/	низкая
2checkout	2Checkout / Verifone	MoR + PSP	Не подтверждено: VPN в Prohibited Product List не назван, ближайшее — Remote Access Services	РФ не подтверждено	Карты, PayPal, локальные методы	По запросу	Не публикуется	Не раскрыт	Публично не раскрыты	Юрлицо, KYC; для high-risk — согласование risk-командой Verifone	Да	Hosted checkout, API, подписки 2Subscribe; сложность 3/5	Оговорка: бизнес может быть не одобрен независимо от списка	https://web.archive.org/web/20240910215446/https://www.2checkout.com/legal/acceptance/	низкая
segpay	SegPay	High-risk эквайринг	Не подтверждено: публичные страницы закрыты антибот-защитой, AUP проверить не удалось	РФ не подтверждено	Карты, профильный рекуррент	По запросу	По запросу	По запросу	Публично не раскрыты	Юрлицо в US/EU, KYC/KYB	Да	Hosted-страница оплаты + API; сложность 3/5	Публичных данных о VPN-политике нет; профильный high-risk (adult, подписки)	https://segpay.com/, https://gethelp.segpay.com/	низкая
ccbill	CCBill	High-risk эквайринг	Серая зона: VPN в AUP не запрещён, но запрещены shell accounts и поддержка ботов	РФ не подтверждено	Карты, рекуррент — ядро продукта	По запросу; публично только структура издержек (interchange, brand assessments, processor markup)	По запросу	По запросу	Публично не раскрыты; типичны weekly/2-weekly settlement и holdback	Юрлицо, KYB, сайт с раскрытием условий подписки и триалов	Да	Hosted payment page, REST API, вебхуки; сложность 3/5	VPN-сайт может быть сочтён «shell account» (VPS/прокси-инфраструктура)	https://ccbill.com/cs/client/policies/ccbill/acceptable_use.html, https://ccbill.com/pricing	средняя
verotel	Verotel (Yoursafe B.V.)	High-risk эквайринг	Не подтверждено: в Merchant Services Agreement VPN, proxy и circumvention не упоминаются	Любое юрлицо; РФ не подтверждено	Карты, FlexPay, рекуррент	BASIC 15,5% за non-recurring + EUR 25/нед при обороте менее EUR 1000/нед; PREMIUM — по объёму	Annual registration fee EUR 500 (продление при обороте >= EUR 100/нед)	Не раскрыт	BASIC без требования по обороту; PREMIUM — от EUR 100/нед; валюта EUR, счёт в Нидерландах	Любое юрлицо; PREMIUM требует 6 месяцев выписок	Да	FlexPay, hosted-страница, публичная спецификация API; сложность 3/5	Единственный публичный прайс в категории, но 15,5% + EUR 500/год — дорого для чеков 199-1590 руб	https://www.verotel.com/en/productchoice.html, https://www.verotel.com/en/merchantagreement.html	высокая
payop	Payop	PSP	НЕТ: VPN прямо не назван, но РФ в Prohibited Countries и есть запрет Items which facilitate illegal activities	РФ прямо запрещена	Карты, локальные методы, крипта	По запросу	По запросу	По запросу	Публично не раскрыты	Юрлицо; оператор Transferop Payment Gateway Ltd (Канада)	Да	API-first, документация на GitHub; сложность 3/5	РФ-резидент не подходит по юрисдикции	https://payop.com/acceptable-use-policy/, https://github.com/Payop/payop-api-doc	высокая
unlimit	Unlimit (ex-Cardpay)	PSP / EMI	Не подтверждено: страницы AUP и prohibited-businesses отдают 404, restricted-список на онбординге	UK/Cyprus юрлицо; РФ не подтверждено	Карты, локальные методы, подписки	По запросу	По запросу	По запросу	Публично не раскрыты	UK/EU юрлицо (Terms governed by Cyprus law), в ряде вертикалей лицензия	Да	REST API, hosted checkout, подписочный продукт; сложность 3/5	Условия по VPN не опубликованы: узнаются только в процессе онбординга	https://www.unlimit.com/legal/, https://www.unlimit.com/payment-processing/	низкая
tailoredpay	TailoredPay	Брокер high-risk эквайринга	ДА, заявляет: профильная страница VPN Merchant Account (тело страницы за Cloudflare не читается)	Подбирает банк под мерчанта; РФ не подтверждено	Зависит от подобранного эквайера	По запросу	По запросу (зависит от банка)	По запросу	Определяет эквайер	Типично юрлицо (US/EU/offshore) и KYC; определяет принимающий банк	Зависит от эквайера	Отдельного продукта нет: посредничество и согласование; сложность 4/5	Это брокер, а не процессинг: итоговые условия и риск зависят от выбранного банка	https://tailoredpay.com/vpn-merchant-account/	низкая
